ID;Nome;Cpf
1;Maria Silva;12345678900
2;Jo√£o Oliveira;98765432100
3;Ana Souza;11122233344
4;Pedro Santos;55566677788
5;Lucas Ferreira;99988877766
6;Julia Costa;33322211100
7;Roberto Almeida;77788899911
8;Carla Lima;44455566622
9;Fernanda Ribeiro;22233344455
10;Marcos Gomes;66677788899
11;Aline Pereira;11122233344
12;Ricardo Fernandes;55566677788
13;Bruna Costa;99988877766
14;Felipe Oliveira;33322211100
15;Vanessa Santos;77788899911
16;Henrique Almeida;44455566622
17;Larissa Lima;22233344455
18;Gustavo Ribeiro;66677788899
19;Camila Gomes;12345678900
20;Leonardo Silva;98765432100
21;Isabela Oliveira;11122233344
22;Rodrigo Fernandes;55566677788
23;Natalia Costa;99988877766
24;Vinicius Oliveira;33322211100
25;Fernanda Santos;77788899911
26;Marcelo Almeida;44455566622
27;Amanda Lima;22233344455
28;Eduardo Ribeiro;66677788899
29;Leticia Gomes;12345678900
30;Tiago Silva;98765432100
31;Patricia Oliveira;11122233344
32;Hugo Fernandes;55566677788
33;Tatiana Costa;99988877766
34;Marcela Santos;77788899911
35;Carlos Almeida;44455566622
36;Sandra Lima;22233344455
37;Renato Ribeiro;66677788899
38;Raquel Gomes;12345678900
39;Luciana Silva;98765432100
40;Paulo Oliveira;11122233344
41;Laura Fernandes;55566677788
42;Rafael Costa;99988877766
43;Silvia Santos;77788899911
44;Mariana Almeida;44455566622
45;Diego Lima;22233344455
46;Luis Ribeiro;66677788899
47;Monica Gomes;12345678900
48;Gabriel Silva;98765432100
49;Elaine Oliveira;11122233344
50;Leonardo Fernandes;55566677788
51;Camila Costa;99988877766
52;Henrique Santos;77788899911
53;Juliana Almeida;44455566622
54;Lucas Lima;22233344455
55;Patricia Ribeiro;66677788899
56;Thiago Gomes;12345678900
57;Priscila Silva;98765432100
58;Roberto Oliveira;11122233344
